{
    "Accuracy": 0.58875,
    "F1_Score": 0.5808917197452229
}